Metric,Value
Accuracy,0.2226249663246063
F1-score,0.20737335041036328
