Metric,Value
Accuracy,0.21929416374813254
F1-score,0.20478671512584934
