Metric,Value
Accuracy,0.21973500526560702
F1-score,0.20444952670285255
