Metric,Value
Accuracy,0.2707256741201538
F1-score,0.1336276423923957
