Metric,Value
Accuracy,0.27217065464965345
F1-score,0.1341986241880813
