Metric,Value
Accuracy,0.2710930420513825
F1-score,0.13442212362656755
