Metric,Value
Accuracy,0.2247557003257329
F1-score,0.20546536732553175
