Metric,Value
Accuracy,0.2258822953148343
F1-score,0.206546745391795
