Metric,Value
Accuracy,0.22549043618819034
F1-score,0.20570257487062113
