Metric,Value
Accuracy,0.2546349587323357
F1-score,0.22514338864906722
