Metric,Value
Accuracy,0.2518184712595822
F1-score,0.2238144873146997
