Metric,Value
Accuracy,0.25216134799539563
F1-score,0.22406368138472357
